Symbol,Date,Expiry,Strike,Type,Bid,Ask,Last,Volume,OpenInterest,UnderlyingPrice,IV
TSLA,2025-08-14,2025-08-15,100.0,C,233.5,234.2,233.15,22.0,1827,333.0382,7.996093754882812
TSLA,2025-08-14,2025-08-15,105.0,C,228.65,229.55,234.58,37.0,145,333.0382,8.027348732910156
TSLA,2025-08-14,2025-08-15,110.0,C,223.3,224.5,229.0,10.0,54,333.0382,7.466797541503906
TSLA,2025-08-14,2025-08-15,115.0,C,218.35,219.55,219.3,20.0,92,333.0382,7.2500009375
TSLA,2025-08-14,2025-08-15,120.0,C,213.3,214.55,221.3,2.0,153,333.0382,6.949220063476563
TSLA,2025-08-14,2025-08-15,125.0,C,208.65,209.8,194.15,1.0,29,333.0382,7.021485598144532
TSLA,2025-08-14,2025-08-15,130.0,C,203.7,204.85,203.85,8.0,136,333.0382,6.812501484375
TSLA,2025-08-14,2025-08-15,135.0,C,198.95,199.8,206.12,1.0,39,333.0382,6.652345434570314
TSLA,2025-08-14,2025-08-15,140.0,C,193.7,194.85,205.28,6.0,60,333.0382,6.320314599609375
TSLA,2025-08-14,2025-08-15,145.0,C,188.4,189.45,160.42,1.0,54,333.0382,5.753909057617188
TSLA,2025-08-14,2025-08-15,150.0,C,183.8,184.85,183.28,10.0,917,333.0382,5.905276055908203
TSLA,2025-08-14,2025-08-15,155.0,C,179.0,180.05,179.9,2.0,65,333.0382,5.839846450195314
TSLA,2025-08-14,2025-08-15,160.0,C,173.55,174.25,180.49,36.0,2223,333.0382,5.109378613281249
TSLA,2025-08-14,2025-08-15,165.0,C,169.0,170.1,176.26,1.0,751,333.0382,5.43066727416992
TSLA,2025-08-14,2025-08-15,170.0,C,163.75,164.85,163.8,21.0,457,333.0382,5.053714620361328
TSLA,2025-08-14,2025-08-15,175.0,C,158.65,159.8,164.76,3.0,145,333.0382,4.806644616699217
TSLA,2025-08-14,2025-08-15,180.0,C,154.05,154.95,159.07,1.0,397,333.0382,4.804691494140624
TSLA,2025-08-14,2025-08-15,185.0,C,148.4,149.5,151.33,2.0,241,333.0382,4.238285952148438
TSLA,2025-08-14,2025-08-15,190.0,C,144.05,144.9,147.83,2.0,429,333.0382,4.4209029113769525
TSLA,2025-08-14,2025-08-15,195.0,C,139.0,140.1,145.93,1.0,116,333.0382,4.286137454833984
TSLA,2025-08-14,2025-08-15,200.0,C,133.4,134.4,134.6,48.0,1364,333.0382,3.7041023022460937
TSLA,2025-08-14,2025-08-15,205.0,C,128.4,129.6,135.08,10.0,241,333.0382,3.6171884570312502
TSLA,2025-08-14,2025-08-15,210.0,C,124.05,125.1,121.0,3.0,179,333.0382,3.7871099072265633
TSLA,2025-08-14,2025-08-15,215.0,C,118.35,119.45,117.63,1.0,726,333.0382,3.244142514648437
TSLA,2025-08-14,2025-08-15,220.0,C,113.7,114.8,112.2,5.0,1121,333.0382,3.300782998046875
TSLA,2025-08-14,2025-08-15,225.0,C,108.35,109.45,106.83,3.0,523,333.0382,2.952151057128906
TSLA,2025-08-14,2025-08-15,230.0,C,103.45,104.3,104.4,30.0,1389,333.0382,2.7949248876953128
TSLA,2025-08-14,2025-08-15,235.0,C,98.35,99.6,96.51,19.0,502,333.0382,2.712893842773437
TSLA,2025-08-14,2025-08-15,237.5,C,95.9,97.1,94.62,2.0,2,333.0382,2.6562533593750004
TSLA,2025-08-14,2025-08-15,240.0,C,93.5,94.4,92.35,73.0,1667,333.0382,2.560550473632812
TSLA,2025-08-14,2025-08-15,245.0,C,88.4,89.6,87.95,27.0,1650,333.0382,2.4501991870117186
TSLA,2025-08-14,2025-08-15,247.5,C,86.15,87.25,84.48,3.0,2,333.0382,2.474613188476563
TSLA,2025-08-14,2025-08-15,250.0,C,83.65,84.15,84.12,71.0,7903,333.0382,2.2656293359374997
TSLA,2025-08-14,2025-08-15,252.5,C,80.6,82.1,81.68,1.0,2,333.0382,2.1748092504882814
TSLA,2025-08-14,2025-08-15,255.0,C,78.6,79.35,79.2,27.0,1806,333.0382,2.1699264501953124
TSLA,2025-08-14,2025-08-15,257.5,C,76.55,77.5,82.89,2.0,3,333.0382,2.323246379394531
TSLA,2025-08-14,2025-08-15,260.0,C,73.5,74.3,71.05,28.0,1451,333.0382,2.004887800292969
TSLA,2025-08-14,2025-08-15,262.5,C,70.95,72.15,69.7,1.0,2,333.0382,2.0058643603515627
TSLA,2025-08-14,2025-08-15,265.0,C,68.5,69.35,69.37,15.0,1865,333.0382,1.8881841528320313
TSLA,2025-08-14,2025-08-15,267.5,C,65.95,67.05,64.19,2.0,9,333.0382,1.85546947265625
TSLA,2025-08-14,2025-08-15,270.0,C,63.85,64.7,62.0,29.0,1166,333.0382,1.8930669409179686
TSLA,2025-08-14,2025-08-15,272.5,C,61.2,62.6,59.36,5.0,4,333.0382,1.8681647216796877
TSLA,2025-08-14,2025-08-15,275.0,C,58.55,59.3,59.3,329.0,2090,333.0382,1.6347674511718748
TSLA,2025-08-14,2025-08-15,277.5,C,55.95,57.05,63.9,1.0,109,333.0382,1.6005879345703122
TSLA,2025-08-14,2025-08-15,280.0,C,53.6,54.25,52.0,20.0,3394,333.0382,1.509768076171875
TSLA,2025-08-14,2025-08-15,282.5,C,51.2,52.35,50.0,5.0,163,333.0382,1.5629904663085936
TSLA,2025-08-14,2025-08-15,285.0,C,48.8,49.2,49.39,17.0,1203,333.0382,1.4111357568359377
TSLA,2025-08-14,2025-08-15,287.5,C,46.2,46.7,44.22,4.0,562,333.0382,1.3320345898437496
TSLA,2025-08-14,2025-08-15,290.0,C,43.7,44.2,43.5,76.0,5332,333.0382,1.2700231811523435
TSLA,2025-08-14,2025-08-15,292.5,C,41.3,41.75,48.82,10.0,488,333.0382,1.23047259765625
TSLA,2025-08-14,2025-08-15,295.0,C,38.8,39.2,37.19,113.0,1689,333.0382,1.1606487280273439
TSLA,2025-08-14,2025-08-15,297.5,C,36.25,36.75,36.77,35.0,623,333.0382,1.098149040527344
TSLA,2025-08-14,2025-08-15,300.0,C,33.85,34.25,33.97,564.0,12694,333.0382,1.0488328808593752
TSLA,2025-08-14,2025-08-15,302.5,C,31.25,31.8,32.12,17.0,783,333.0382,0.9785158398437501
TSLA,2025-08-14,2025-08-15,305.0,C,28.8,29.25,29.6,125.0,7011,333.0382,0.9150399121093751
TSLA,2025-08-14,2025-08-15,307.5,C,26.35,26.85,25.9,35.0,1192,333.0382,0.8686536572265625
TSLA,2025-08-14,2025-08-15,310.0,C,23.9,24.3,23.8,591.0,7009,333.0382,0.8037129003906249
TSLA,2025-08-14,2025-08-15,312.5,C,21.4,21.9,22.0,69.0,1529,333.0382,0.7485376708984376
TSLA,2025-08-14,2025-08-15,315.0,C,19.0,19.4,19.35,672.0,8181,333.0382,0.6909210595703126
TSLA,2025-08-14,2025-08-15,317.5,C,16.5,16.95,17.1,338.0,2105,333.0382,0.6267127172851563
TSLA,2025-08-14,2025-08-15,320.0,C,14.15,14.4,14.25,3841.0,11002,333.0382,0.5647016186523439
TSLA,2025-08-14,2025-08-15,322.5,C,12.05,12.1,12.05,1765.0,3006,333.0382,0.5363815893554689
TSLA,2025-08-14,2025-08-15,325.0,C,9.75,9.85,9.84,5767.0,10701,333.0382,0.4936574072265626
TSLA,2025-08-14,2025-08-15,327.5,C,7.65,7.75,7.8,3748.0,3779,333.0382,0.4555718505859375
TSLA,2025-08-14,2025-08-15,330.0,C,5.9,6.0,5.95,25961.0,14829,333.0382,0.44043528320312497
TSLA,2025-08-14,2025-08-15,332.5,C,4.25,4.35,4.32,36558.0,4578,333.0382,0.41480077392578124
TSLA,2025-08-14,2025-08-15,335.0,C,3.0,3.1,3.05,79498.0,11933,333.0382,0.40601179931640624
TSLA,2025-08-14,2025-08-15,337.5,C,2.06,2.08,2.06,54667.0,7720,333.0382,0.3952697192382813
TSLA,2025-08-14,2025-08-15,340.0,C,1.36,1.39,1.38,124469.0,24904,333.0382,0.3952697192382813
TSLA,2025-08-14,2025-08-15,342.5,C,0.9,0.92,0.9,38303.0,10870,333.0382,0.3996642065429688
TSLA,2025-08-14,2025-08-15,345.0,C,0.59,0.61,0.6,53346.0,25137,333.0382,0.4074766284179688
TSLA,2025-08-14,2025-08-15,347.5,C,0.4,0.42,0.4,20473.0,10398,333.0382,0.42090422851562503
TSLA,2025-08-14,2025-08-15,350.0,C,0.28,0.29,0.28,59698.0,46552,333.0382,0.43457596679687505
TSLA,2025-08-14,2025-08-15,352.5,C,0.21,0.22,0.22,18801.0,12608,333.0382,0.45606012695312503
TSLA,2025-08-14,2025-08-15,355.0,C,0.15,0.16,0.16,19891.0,18047,333.0382,0.471684970703125
TSLA,2025-08-14,2025-08-15,357.5,C,0.12,0.13,0.12,5174.0,8858,333.0382,0.49609878906250005
TSLA,2025-08-14,2025-08-15,360.0,C,0.09,0.1,0.09,24604.0,32291,333.0382,0.5117236328125
TSLA,2025-08-14,2025-08-15,362.5,C,0.07,0.08,0.08,7534.0,8793,333.0382,0.5312546875
TSLA,2025-08-14,2025-08-15,365.0,C,0.06,0.07,0.06,8291.0,18009,333.0382,0.5566450585937501
TSLA,2025-08-14,2025-08-15,367.5,C,0.05,0.06,0.05,1316.0,7051,333.0382,0.57812921875
TSLA,2025-08-14,2025-08-15,370.0,C,0.04,0.05,0.04,10351.0,22554,333.0382,0.5976602734375001
TSLA,2025-08-14,2025-08-15,372.5,C,0.03,0.04,0.04,1420.0,4220,333.0382,0.6132851171875001
TSLA,2025-08-14,2025-08-15,375.0,C,0.03,0.04,0.03,9321.0,21611,333.0382,0.6445348046875
TSLA,2025-08-14,2025-08-15,380.0,C,0.02,0.03,0.02,3464.0,18555,333.0382,0.6796907031250001
TSLA,2025-08-14,2025-08-15,385.0,C,0.01,0.02,0.02,1741.0,5318,333.0382,0.70312796875
TSLA,2025-08-14,2025-08-15,390.0,C,0.01,0.02,0.01,869.0,8212,333.0382,0.7578149218750001
TSLA,2025-08-14,2025-08-15,395.0,C,0.01,0.02,0.01,472.0,4924,333.0382,0.8125018749999999
TSLA,2025-08-14,2025-08-15,400.0,C,0.0,0.01,0.01,1782.0,30761,333.0382,0.7812521875
TSLA,2025-08-14,2025-08-15,405.0,C,0.0,0.01,0.01,574.0,5029,333.0382,0.8437515624999999
TSLA,2025-08-14,2025-08-15,410.0,C,0.0,0.01,0.01,184.0,6140,333.0382,0.87500125
TSLA,2025-08-14,2025-08-15,415.0,C,0.0,0.01,0.01,118.0,3759,333.0382,0.937500625
TSLA,2025-08-14,2025-08-15,420.0,C,0.0,0.01,0.01,873.0,10123,333.0382,0.9687503125
TSLA,2025-08-14,2025-08-15,425.0,C,0.0,0.01,0.01,2.0,4189,333.0382,1.0312548437500002
TSLA,2025-08-14,2025-08-15,430.0,C,0.0,0.01,0.01,1.0,4704,333.0382,1.0625046875000002
TSLA,2025-08-14,2025-08-15,435.0,C,0.0,0.01,0.01,10.0,2824,333.0382,1.125004375
TSLA,2025-08-14,2025-08-15,440.0,C,0.0,0.01,0.01,4.0,3384,333.0382,1.15625421875
TSLA,2025-08-14,2025-08-15,445.0,C,0.0,0.01,0.01,1.0,2155,333.0382,1.1875040625
TSLA,2025-08-14,2025-08-15,450.0,C,0.0,0.01,0.01,10.0,11816,333.0382,1.2500037499999999
TSLA,2025-08-14,2025-08-15,455.0,C,0.0,0.01,0.01,6.0,3553,333.0382,1.2812535937499998
TSLA,2025-08-14,2025-08-15,460.0,C,0.0,0.01,0.02,2.0,3926,333.0382,1.3125034374999998
TSLA,2025-08-14,2025-08-15,465.0,C,0.0,0.01,0.01,4.0,1127,333.0382,1.3750031249999999
TSLA,2025-08-14,2025-08-15,470.0,C,0.0,0.01,0.01,10.0,4472,333.0382,1.40625296875
TSLA,2025-08-14,2025-08-15,475.0,C,0.0,0.01,0.01,100.0,2852,333.0382,1.4375028125
TSLA,2025-08-14,2025-08-15,480.0,C,0.0,0.01,0.01,9.0,1821,333.0382,1.5000025
TSLA,2025-08-14,2025-08-15,485.0,C,0.0,0.01,0.01,7.0,1454,333.0382,1.5000025
TSLA,2025-08-14,2025-08-15,490.0,C,0.0,0.01,0.01,2.0,4033,333.0382,1.5625021874999998
TSLA,2025-08-14,2025-08-15,495.0,C,0.0,0.01,0.01,4.0,865,333.0382,1.5937520312499998
TSLA,2025-08-14,2025-08-15,500.0,C,0.0,0.01,0.01,38.0,14398,333.0382,1.625001875
TSLA,2025-08-14,2025-08-15,505.0,C,0.0,0.01,0.01,2.0,502,333.0382,1.6875015625
TSLA,2025-08-14,2025-08-15,510.0,C,0.0,0.01,0.01,1.0,1777,333.0382,1.6875015625
TSLA,2025-08-14,2025-08-15,515.0,C,0.0,0.01,0.01,70.0,532,333.0382,1.75000125
TSLA,2025-08-14,2025-08-15,520.0,C,0.0,0.01,0.01,1.0,2930,333.0382,1.78125109375
TSLA,2025-08-14,2025-08-15,530.0,C,0.0,0.01,0.01,2.0,3000,333.0382,1.8437507812499998
TSLA,2025-08-14,2025-08-15,540.0,C,0.0,0.01,0.01,1.0,5758,333.0382,1.9375003125
TSLA,2025-08-14,2025-08-15,550.0,C,0.0,0.01,0.01,28.0,4866,333.0382,1.96875015625
TSLA,2025-08-14,2025-08-15,560.0,C,0.0,0.01,0.01,1.0,2518,333.0382,2.0625048437499998
TSLA,2025-08-14,2025-08-15,570.0,C,0.0,0.01,0.01,1.0,3043,333.0382,2.1250046874999997
TSLA,2025-08-14,2025-08-15,580.0,C,0.0,0.01,0.01,1.0,2202,333.0382,2.1875045312499997
TSLA,2025-08-14,2025-08-15,590.0,C,0.0,0.01,0.01,1.0,2288,333.0382,2.2500043749999996
TSLA,2025-08-14,2025-08-15,600.0,C,0.0,0.01,0.02,2.0,17807,333.0382,2.3125042187499996
TSLA,2025-08-14,2025-08-15,610.0,C,0.0,0.01,0.01,10.0,3094,333.0382,2.3750040624999995
TSLA,2025-08-14,2025-08-15,620.0,C,0.0,0.01,0.04,1.0,4062,333.0382,2.3750040624999995
TSLA,2025-08-14,2025-08-15,630.0,C,0.0,0.01,0.02,2.0,2288,333.0382,2.43750390625
TSLA,2025-08-14,2025-08-15,640.0,C,0.0,0.01,0.01,4.0,797,333.0382,2.50000375
TSLA,2025-08-14,2025-08-15,650.0,C,0.0,0.01,0.01,2.0,1613,333.0382,2.56250359375
TSLA,2025-08-14,2025-08-15,660.0,C,0.0,0.01,0.01,2.0,535,333.0382,2.6250034375
TSLA,2025-08-14,2025-08-15,670.0,C,0.0,0.01,0.02,93.0,652,333.0382,2.68750328125
TSLA,2025-08-14,2025-08-15,680.0,C,0.0,0.01,0.01,5.0,353,333.0382,2.750003125
TSLA,2025-08-14,2025-08-15,690.0,C,0.0,0.01,0.02,7.0,605,333.0382,2.750003125
TSLA,2025-08-14,2025-08-15,700.0,C,0.0,0.01,0.01,1.0,8320,333.0382,2.81250296875
TSLA,2025-08-14,2025-08-15,710.0,C,0.0,0.01,0.02,3.0,3701,333.0382,2.8750028125
TSLA,2025-08-14,2025-08-15,720.0,C,0.0,0.01,0.01,20.0,1207,333.0382,2.93750265625
TSLA,2025-08-14,2025-08-15,730.0,C,0.0,0.01,0.01,101.0,983,333.0382,3.0000025
TSLA,2025-08-14,2025-08-15,740.0,C,0.0,0.01,0.01,6.0,176,333.0382,3.0000025
TSLA,2025-08-14,2025-08-15,750.0,C,0.0,0.01,0.01,3.0,2795,333.0382,3.06250234375
TSLA,2025-08-14,2025-08-15,760.0,C,0.0,0.01,0.01,750.0,1722,333.0382,3.1250021875
TSLA,2025-08-14,2025-08-15,770.0,C,0.0,0.01,0.01,111.0,521,333.0382,3.1250021875
TSLA,2025-08-14,2025-08-15,780.0,C,0.0,0.01,0.01,132.0,556,333.0382,3.1875020312499998
TSLA,2025-08-14,2025-08-15,790.0,C,0.0,0.01,0.01,1.0,1169,333.0382,3.2500018749999997
TSLA,2025-08-14,2025-08-15,800.0,C,0.0,0.01,0.01,5.0,5399,333.0382,3.2500018749999997
TSLA,2025-08-14,2025-08-15,810.0,C,0.0,0.01,0.01,5.0,914,333.0382,3.3750015624999996
TSLA,2025-08-14,2025-08-15,820.0,C,0.0,0.01,0.01,1.0,775,333.0382,3.3750015624999996
TSLA,2025-08-14,2025-08-15,830.0,C,0.0,0.01,0.01,1.0,278,333.0382,3.3750015624999996
TSLA,2025-08-14,2025-08-15,840.0,C,0.0,0.01,0.01,8.0,855,333.0382,3.50000125
TSLA,2025-08-14,2025-08-15,850.0,C,0.0,0.01,0.01,3.0,1075,333.0382,3.50000125
TSLA,2025-08-14,2025-08-15,860.0,C,0.0,0.01,0.01,1.0,195,333.0382,3.50000125
TSLA,2025-08-14,2025-08-15,870.0,C,0.0,0.01,0.01,1.0,346,333.0382,3.56250109375
TSLA,2025-08-14,2025-08-15,880.0,C,0.0,0.01,0.01,2.0,1128,333.0382,3.6250009375000003
TSLA,2025-08-14,2025-08-15,890.0,C,0.0,0.01,0.01,1.0,606,333.0382,3.6250009375000003
TSLA,2025-08-14,2025-08-15,900.0,C,0.0,0.01,0.01,3.0,6497,333.0382,3.6875007812500002
TSLA,2025-08-14,2025-08-15,910.0,C,0.0,0.01,0.01,1.0,852,333.0382,3.750000625
TSLA,2025-08-14,2025-08-15,920.0,C,0.0,0.0,0.01,33.0,566,333.0382,0.500005
TSLA,2025-08-14,2025-08-15,930.0,C,0.0,0.01,0.01,22.0,446,333.0382,3.81250046875
TSLA,2025-08-14,2025-08-15,940.0,C,0.0,0.01,0.04,10.0,180,333.0382,3.8750003125
TSLA,2025-08-14,2025-08-15,950.0,C,0.0,0.01,0.01,1.0,670,333.0382,3.8750003125
TSLA,2025-08-14,2025-08-15,960.0,C,0.0,0.01,0.01,1.0,17712,333.0382,3.8750003125
TSLA,2025-08-14,2025-08-15,100.0,P,0.0,0.01,0.01,6.0,28035,333.0382,4.7500040624999995
TSLA,2025-08-14,2025-08-15,105.0,P,0.0,0.01,0.01,1.0,91223,333.0382,4.500004375
TSLA,2025-08-14,2025-08-15,110.0,P,0.0,0.01,0.01,927.0,6917,333.0382,4.375004531249999
TSLA,2025-08-14,2025-08-15,115.0,P,0.0,0.01,0.01,2.0,19462,333.0382,4.2500046875
TSLA,2025-08-14,2025-08-15,120.0,P,0.0,0.01,0.01,7.0,11933,333.0382,4.000005
TSLA,2025-08-14,2025-08-15,125.0,P,0.0,0.01,0.01,5.0,4039,333.0382,3.8750003125
TSLA,2025-08-14,2025-08-15,130.0,P,0.0,0.01,0.01,40.0,3696,333.0382,3.750000625
TSLA,2025-08-14,2025-08-15,135.0,P,0.0,0.01,0.01,9.0,5377,333.0382,3.6250009375000003
TSLA,2025-08-14,2025-08-15,140.0,P,0.0,0.01,0.01,506.0,9620,333.0382,3.50000125
TSLA,2025-08-14,2025-08-15,145.0,P,0.0,0.01,0.01,24.0,4577,333.0382,3.3125017187499997
TSLA,2025-08-14,2025-08-15,150.0,P,0.0,0.01,0.01,1.0,16686,333.0382,3.1875020312499998
TSLA,2025-08-14,2025-08-15,155.0,P,0.0,0.01,0.06,1.0,3818,333.0382,3.06250234375
TSLA,2025-08-14,2025-08-15,160.0,P,0.0,0.01,0.01,102.0,9280,333.0382,2.93750265625
TSLA,2025-08-14,2025-08-15,165.0,P,0.0,0.01,0.01,2.0,59162,333.0382,2.81250296875
TSLA,2025-08-14,2025-08-15,170.0,P,0.0,0.01,0.01,7.0,69400,333.0382,2.68750328125
TSLA,2025-08-14,2025-08-15,175.0,P,0.0,0.01,0.01,1.0,7913,333.0382,2.6250034375
TSLA,2025-08-14,2025-08-15,180.0,P,0.0,0.01,0.01,11.0,24046,333.0382,2.50000375
TSLA,2025-08-14,2025-08-15,185.0,P,0.0,0.01,0.01,214.0,31777,333.0382,2.3750040624999995
TSLA,2025-08-14,2025-08-15,190.0,P,0.0,0.01,0.01,6.0,26537,333.0382,2.2500043749999996
TSLA,2025-08-14,2025-08-15,195.0,P,0.0,0.01,0.01,11.0,7259,333.0382,2.1875045312499997
TSLA,2025-08-14,2025-08-15,200.0,P,0.0,0.01,0.01,548.0,24393,333.0382,2.0625048437499998
TSLA,2025-08-14,2025-08-15,205.0,P,0.0,0.01,0.01,26.0,10926,333.0382,1.96875015625
TSLA,2025-08-14,2025-08-15,210.0,P,0.0,0.01,0.01,131.0,6705,333.0382,1.875000625
TSLA,2025-08-14,2025-08-15,215.0,P,0.0,0.01,0.01,23.0,7395,333.0382,1.8125009374999999
TSLA,2025-08-14,2025-08-15,220.0,P,0.0,0.01,0.01,424.0,12407,333.0382,1.71875140625
TSLA,2025-08-14,2025-08-15,225.0,P,0.0,0.01,0.01,167.0,8349,333.0382,1.625001875
TSLA,2025-08-14,2025-08-15,230.0,P,0.0,0.01,0.01,393.0,10710,333.0382,1.5625021874999998
TSLA,2025-08-14,2025-08-15,235.0,P,0.0,0.01,0.01,563.0,6022,333.0382,1.4375028125
TSLA,2025-08-14,2025-08-15,237.5,P,0.0,0.01,0.01,163.0,866,333.0382,1.40625296875
TSLA,2025-08-14,2025-08-15,240.0,P,0.0,0.01,0.01,199.0,8496,333.0382,1.3750031249999999
TSLA,2025-08-14,2025-08-15,242.5,P,0.0,0.01,0.01,32.0,1125,333.0382,1.3437532812499997
TSLA,2025-08-14,2025-08-15,245.0,P,0.0,0.01,0.01,194.0,18033,333.0382,1.3125034374999998
TSLA,2025-08-14,2025-08-15,247.5,P,0.0,0.02,0.01,13.0,285,333.0382,1.3281283593749997
TSLA,2025-08-14,2025-08-15,250.0,P,0.0,0.01,0.01,731.0,21475,333.0382,1.21875390625
TSLA,2025-08-14,2025-08-15,252.5,P,0.01,0.02,0.01,157.0,492,333.0382,1.2968785156249998
TSLA,2025-08-14,2025-08-15,255.0,P,0.01,0.02,0.01,127.0,5760,333.0382,1.2500037499999999
TSLA,2025-08-14,2025-08-15,257.5,P,0.01,0.02,0.02,621.0,1130,333.0382,1.203128984375
TSLA,2025-08-14,2025-08-15,260.0,P,0.01,0.02,0.01,119.0,7641,333.0382,1.1640666796875
TSLA,2025-08-14,2025-08-15,262.5,P,0.01,0.02,0.02,30.0,447,333.0382,1.125004375
TSLA,2025-08-14,2025-08-15,265.0,P,0.01,0.02,0.01,142.0,5465,333.0382,1.0781296093750001
TSLA,2025-08-14,2025-08-15,267.5,P,0.01,0.02,0.02,126.0,1879,333.0382,1.0390673046875003
TSLA,2025-08-14,2025-08-15,270.0,P,0.01,0.02,0.01,745.0,9740,333.0382,0.9960937890625
TSLA,2025-08-14,2025-08-15,272.5,P,0.01,0.02,0.02,114.0,678,333.0382,0.9609378906249999
TSLA,2025-08-14,2025-08-15,275.0,P,0.01,0.02,0.02,260.0,8139,333.0382,0.92187578125
TSLA,2025-08-14,2025-08-15,277.5,P,0.02,0.03,0.02,176.0,1593,333.0382,0.929688203125
TSLA,2025-08-14,2025-08-15,280.0,P,0.02,0.03,0.02,386.0,13723,333.0382,0.8828136718749999
TSLA,2025-08-14,2025-08-15,282.5,P,0.02,0.03,0.02,544.0,1930,333.0382,0.8437515624999999
TSLA,2025-08-14,2025-08-15,285.0,P,0.02,0.03,0.02,773.0,6975,333.0382,0.804689453125
TSLA,2025-08-14,2025-08-15,287.5,P,0.02,0.03,0.03,529.0,3003,333.0382,0.7617211328125001
TSLA,2025-08-14,2025-08-15,290.0,P,0.03,0.04,0.03,558.0,17497,333.0382,0.7500025
TSLA,2025-08-14,2025-08-15,292.5,P,0.03,0.04,0.04,420.0,2953,333.0382,0.7070341796875
TSLA,2025-08-14,2025-08-15,295.0,P,0.04,0.05,0.04,937.0,11351,333.0382,0.6875031250000001
TSLA,2025-08-14,2025-08-15,297.5,P,0.05,0.06,0.06,700.0,2807,333.0382,0.6601596484375001
TSLA,2025-08-14,2025-08-15,300.0,P,0.05,0.06,0.05,3984.0,27704,333.0382,0.6171913281250001
TSLA,2025-08-14,2025-08-15,302.5,P,0.06,0.07,0.06,4025.0,5826,333.0382,0.585941640625
TSLA,2025-08-14,2025-08-15,305.0,P,0.07,0.09,0.08,2006.0,12422,333.0382,0.5585981640625001
TSLA,2025-08-14,2025-08-15,307.5,P,0.08,0.1,0.08,4629.0,3986,333.0382,0.523442265625
TSLA,2025-08-14,2025-08-15,310.0,P,0.11,0.12,0.12,6974.0,15765,333.0382,0.500005
TSLA,2025-08-14,2025-08-15,312.5,P,0.13,0.15,0.14,3084.0,4160,333.0382,0.47070841796875
TSLA,2025-08-14,2025-08-15,315.0,P,0.19,0.2,0.2,7944.0,15090,333.0382,0.445318046875
TSLA,2025-08-14,2025-08-15,317.5,P,0.26,0.27,0.23,7797.0,5735,333.0382,0.418951123046875
TSLA,2025-08-14,2025-08-15,320.0,P,0.38,0.39,0.38,23297.0,16724,333.0382,0.398443515625
TSLA,2025-08-14,2025-08-15,322.5,P,0.56,0.58,0.57,18898.0,5428,333.0382,0.379889013671875
TSLA,2025-08-14,2025-08-15,325.0,P,0.85,0.87,0.86,28700.0,12722,333.0382,0.36255520263671875
TSLA,2025-08-14,2025-08-15,327.5,P,1.29,1.31,1.29,25964.0,7247,333.0382,0.34668622070312494
TSLA,2025-08-14,2025-08-15,330.0,P,1.95,1.96,1.94,97344.0,18127,333.0382,0.3325262060546875
TSLA,2025-08-14,2025-08-15,332.5,P,2.83,2.87,2.87,38311.0,5414,333.0382,0.3186103295898437
TSLA,2025-08-14,2025-08-15,335.0,P,4.0,4.1,4.05,59834.0,10900,333.0382,0.30591514404296877
TSLA,2025-08-14,2025-08-15,337.5,P,5.6,5.65,5.63,30902.0,5701,333.0382,0.2915109912109374
TSLA,2025-08-14,2025-08-15,340.0,P,7.4,7.5,7.45,22651.0,15294,333.0382,0.27246821289062495
TSLA,2025-08-14,2025-08-15,342.5,P,9.4,9.5,9.46,4896.0,5168,333.0382,0.187508125
TSLA,2025-08-14,2025-08-15,345.0,P,11.55,11.7,11.6,5905.0,6141,333.0382,1.0000000000000003e-05
TSLA,2025-08-14,2025-08-15,347.5,P,13.7,14.1,14.45,1297.0,1006,333.0382,1.0000000000000003e-05
TSLA,2025-08-14,2025-08-15,350.0,P,16.2,16.45,15.7,1610.0,6504,333.0382,1.0000000000000003e-05
TSLA,2025-08-14,2025-08-15,352.5,P,18.6,19.05,18.5,295.0,498,333.0382,1.0000000000000003e-05
TSLA,2025-08-14,2025-08-15,355.0,P,21.0,21.45,20.61,388.0,1405,333.0382,1.0000000000000003e-05
TSLA,2025-08-14,2025-08-15,357.5,P,23.5,23.9,23.85,121.0,355,333.0382,1.0000000000000003e-05
TSLA,2025-08-14,2025-08-15,360.0,P,25.9,26.4,25.95,494.0,5251,333.0382,1.0000000000000003e-05
TSLA,2025-08-14,2025-08-15,362.5,P,28.4,28.9,29.7,89.0,310,333.0382,1.0000000000000003e-05
TSLA,2025-08-14,2025-08-15,365.0,P,30.8,31.35,29.5,27.0,943,333.0382,1.0000000000000003e-05
TSLA,2025-08-14,2025-08-15,367.5,P,33.35,33.85,31.2,8.0,166,333.0382,1.0000000000000003e-05
TSLA,2025-08-14,2025-08-15,370.0,P,36.0,36.45,36.7,75.0,1776,333.0382,1.0000000000000003e-05
TSLA,2025-08-14,2025-08-15,375.0,P,40.85,41.35,38.6,106.0,801,333.0382,1.0000000000000003e-05
TSLA,2025-08-14,2025-08-15,380.0,P,45.95,46.45,48.34,46.0,190,333.0382,1.0000000000000003e-05
TSLA,2025-08-14,2025-08-15,385.0,P,50.25,52.2,49.8,1.0,1,333.0382,0.992187578125
TSLA,2025-08-14,2025-08-15,390.0,P,54.65,57.2,58.05,1.0,14,333.0382,1.0644578027343752
TSLA,2025-08-14,2025-08-15,395.0,P,59.4,62.65,56.0,11.0,1,333.0382,1.365237548828125
TSLA,2025-08-14,2025-08-15,400.0,P,65.75,67.15,66.7,1.0,18,333.0382,1.1640666796875
TSLA,2025-08-14,2025-08-15,405.0,P,69.5,72.1,64.12,60.0,0,333.0382,1.1777384863281248
TSLA,2025-08-14,2025-08-15,410.0,P,74.65,77.45,70.3,7.0,1,333.0382,1.5009790576171875
TSLA,2025-08-14,2025-08-15,415.0,P,79.5,82.2,112.05,800.0,0,333.0382,1.404299853515625
TSLA,2025-08-14,2025-08-15,420.0,P,84.6,87.45,88.49,6.0,0,333.0382,1.640626796875
TSLA,2025-08-14,2025-08-15,425.0,P,89.4,92.65,85.3,12.0,2,333.0382,1.8125009374999999
TSLA,2025-08-14,2025-08-15,430.0,P,94.6,97.1,87.85,24.0,4,333.0382,1.48047134765625
TSLA,2025-08-14,2025-08-15,435.0,P,99.5,102.2,103.68,2.0,0,333.0382,1.65234548828125
TSLA,2025-08-14,2025-08-15,440.0,P,104.6,107.1,108.38,2.0,4,333.0382,1.5937520312499998
TSLA,2025-08-14,2025-08-15,445.0,P,109.5,112.2,122.5,6.0,0,333.0382,1.7714855175781248
TSLA,2025-08-14,2025-08-15,450.0,P,114.6,117.1,109.7,52.0,0,333.0382,1.703126484375
TSLA,2025-08-14,2025-08-15,455.0,P,119.5,122.2,147.8,511.0,0,333.0382,1.8847662011718749
TSLA,2025-08-14,2025-08-15,460.0,P,124.6,127.1,119.95,4.0,0,333.0382,1.8105478222656248
TSLA,2025-08-14,2025-08-15,465.0,P,129.5,132.2,125.15,4.0,0,333.0382,1.99609376953125
TSLA,2025-08-14,2025-08-15,470.0,P,134.6,137.45,129.34,2.0,0,333.0382,2.2675824560546873
TSLA,2025-08-14,2025-08-15,475.0,P,139.5,142.2,169.25,670.0,0,333.0382,2.1015672460937496
TSLA,2025-08-14,2025-08-15,480.0,P,144.6,147.1,148.0,1.0,1,333.0382,2.0156299609375
TSLA,2025-08-14,2025-08-15,485.0,P,154.1,157.45,187.11,1.0,0,333.0382,3.60009865600586
TSLA,2025-08-14,2025-08-15,490.0,P,180.2,183.45,189.37,3.0,0,333.0382,6.735353143310547
TSLA,2025-08-14,2025-08-15,495.0,P,159.4,162.65,188.15,3.0,0,333.0382,2.6816439208984377
TSLA,2025-08-14,2025-08-15,500.0,P,164.6,167.1,159.4,273.0,23,333.0382,2.2070357324218746
TSLA,2025-08-14,2025-08-15,505.0,P,172.85,177.9,183.15,3.0,0,333.0382,3.7749029064941406
TSLA,2025-08-14,2025-08-15,510.0,P,174.6,177.45,175.35,1.0,0,333.0382,2.7031282421875
TSLA,2025-08-14,2025-08-15,515.0,P,205.4,207.7,212.0,,0,333.0382,7.130860461425782
TSLA,2025-08-14,2025-08-15,520.0,P,184.6,187.1,179.33,5.0,0,333.0382,2.3906290234374996
TSLA,2025-08-14,2025-08-15,530.0,P,194.6,197.1,199.05,2.0,0,333.0382,2.47656630859375
TSLA,2025-08-14,2025-08-15,540.0,P,204.6,207.1,205.5,1.0,0,333.0382,2.56250359375
TSLA,2025-08-14,2025-08-15,550.0,P,214.6,217.1,215.35,1.0,0,333.0382,2.6484408789062504
TSLA,2025-08-14,2025-08-15,560.0,P,224.6,227.1,225.35,1.0,0,333.0382,2.72656568359375
TSLA,2025-08-14,2025-08-15,570.0,P,251.75,255.35,227.0,2.0,0,333.0382,6.922852908935546
TSLA,2025-08-14,2025-08-15,580.0,P,259.05,262.2,250.5,2.0,0,333.0382,6.630861086425782
TSLA,2025-08-14,2025-08-15,590.0,P,254.6,257.45,261.72,1.0,1,333.0382,3.4472670068359372
TSLA,2025-08-14,2025-08-15,600.0,P,264.6,267.1,265.35,1.0,0,333.0382,3.03906490234375
TSLA,2025-08-14,2025-08-15,610.0,P,274.6,277.45,275.35,1.0,0,333.0382,3.6132822167968754
TSLA,2025-08-14,2025-08-15,620.0,P,284.6,287.1,285.35,1.0,0,333.0382,3.183595791015625
TSLA,2025-08-14,2025-08-15,630.0,P,308.75,311.65,299.85,2.0,0,333.0382,7.161866282043457
TSLA,2025-08-14,2025-08-15,640.0,P,304.6,307.1,305.35,1.0,0,333.0382,3.3242204394531245
TSLA,2025-08-14,2025-08-15,650.0,P,314.6,317.1,330.4,2.0,0,333.0382,3.3906265234374997
TSLA,2025-08-14,2025-08-15,660.0,P,324.6,327.1,329.25,1.0,0,333.0382,3.46093884765625
TSLA,2025-08-14,2025-08-15,670.0,P,352.45,355.55,346.41,1.0,0,333.0382,8.174321297302246
TSLA,2025-08-14,2025-08-15,680.0,P,375.85,378.1,364.85,1.0,0,333.0382,9.9919471144104
TSLA,2025-08-14,2025-08-15,690.0,P,0.0,0.0,396.2,2.0,0,333.0382,1.0000000000000003e-05
TSLA,2025-08-14,2025-08-15,700.0,P,374.45,378.25,337.16,2.0,0,333.0382,7.211426766967773
TSLA,2025-08-14,2025-08-15,710.0,P,384.45,388.25,347.17,8.0,0,333.0382,7.303223527221679
TSLA,2025-08-14,2025-08-15,720.0,P,394.35,398.25,357.2,2.0,0,333.0382,7.384278113403321
TSLA,2025-08-14,2025-08-15,730.0,P,402.55,406.85,382.85,4.0,0,333.0382,7.146485441894533
TSLA,2025-08-14,2025-08-15,740.0,P,444.95,448.95,342.3,2.0,0,333.0382,11.795656924591066
TSLA,2025-08-14,2025-08-15,750.0,P,514.2,517.1,396.82,1.0,0,333.0382,18.04175240882874
TSLA,2025-08-14,2025-08-15,760.0,P,0.0,0.0,440.05,2.0,0,333.0382,1.0000000000000003e-05
TSLA,2025-08-14,2025-08-15,770.0,P,444.45,448.2,406.76,2.0,0,333.0382,7.816894760131835
TSLA,2025-08-14,2025-08-15,780.0,P,452.55,456.85,432.12,6.0,0,333.0382,7.55786188079834
TSLA,2025-08-14,2025-08-15,790.0,P,472.05,476.65,447.99,9.0,0,333.0382,9.361576414642336
TSLA,2025-08-14,2025-08-15,800.0,P,482.45,485.55,458.0,5.0,0,333.0382,9.391849833221434
TSLA,2025-08-14,2025-08-15,810.0,P,492.1,496.3,468.0,4.0,0,333.0382,9.505131012420655
TSLA,2025-08-14,2025-08-15,820.0,P,0.0,0.0,437.65,2.0,0,333.0382,1.0000000000000003e-05
TSLA,2025-08-14,2025-08-15,830.0,P,502.55,506.8,487.3,4.0,0,333.0382,7.930664149169921
TSLA,2025-08-14,2025-08-15,840.0,P,501.55,504.5,424.9,2.0,0,333.0382,1.0000000000000003e-05
TSLA,2025-08-14,2025-08-15,850.0,P,0.0,0.0,465.2,2.0,0,333.0382,1.0000000000000003e-05
TSLA,2025-08-14,2025-08-15,860.0,P,541.15,545.0,512.69,4.0,0,333.0382,9.720218768615723
TSLA,2025-08-14,2025-08-15,870.0,P,574.8,579.2,481.2,2.0,0,333.0382,12.971925720672608
TSLA,2025-08-14,2025-08-15,880.0,P,584.8,589.2,473.45,79.0,0,333.0382,13.05224793609619
TSLA,2025-08-14,2025-08-15,890.0,P,551.0,554.6,473.15,10.0,0,333.0382,1.0000000000000003e-05
TSLA,2025-08-14,2025-08-15,900.0,P,561.5,564.55,483.8,2.0,0,333.0382,1.0000000000000003e-05
TSLA,2025-08-14,2025-08-15,910.0,P,574.6,577.1,569.04,,0,333.0382,4.820316474609374
TSLA,2025-08-14,2025-08-15,920.0,P,512.35,515.75,470.8,3.0,0,333.0382,1.0000000000000003e-05
TSLA,2025-08-14,2025-08-15,930.0,P,594.6,597.1,588.97,1.0,0,333.0382,4.906253867187499
TSLA,2025-08-14,2025-08-15,940.0,P,604.6,607.1,632.97,10.0,0,333.0382,4.95312880859375
TSLA,2025-08-14,2025-08-15,950.0,P,614.6,617.1,607.3,2.0,0,333.0382,4.992191259765624
TSLA,2025-08-14,2025-08-15,960.0,P,642.75,645.3,634.0,8.0,0,333.0382,10.574222141113285
